product_id,img_link,name,price,storage,order_id,customer_id,tracking_number,customer_name,carrier,order_date,estimated_delivery,actual_delivery,status,return_deadline
TW00001,https://rukminim1.flixcart.com/image/312/312/xif0q/computer/1/b/0/15itl6-thin-and-light-laptop-lenovo-original-imagkwgzafjp33es.jpeg?q=70,Lenovo Intel Core i5 11th Gen,62990,512 GB SSD,ORD-1000,CUST-2000,700000000000,Sanya,DHL,2025-08-30,2025-09-04,2025-09-03,delivered,2025-09-13
TW00002,https://rukminim1.flixcart.com/image/312/312/xif0q/computer/d/t/c/v15-g2-alc-laptop-lenovo-original-imaghq2ffspmtfuh.jpeg?q=70,Lenovo V15 G2 Core i3 11th Gen,37500,1 TB HDD,ORD-1001,CUST-2001,700000000001,Kavya,BlueDart,2025-08-31,2025-09-05,2025-09-04,delivered,2025-09-14
TW00003,https://rukminim1.flixcart.com/image/312/312/l3rmzrk0/computer/s/z/r/-original-imagetgzg4pgszmt.jpeg?q=70,ASUS TUF Gaming F15 Core i5 10th Gen,49990,512 GB SSD,ORD-1002,CUST-2002,700000000002,Rashmi,BlueDart,2025-09-01,2025-09-06,2025-09-05,delivered,2025-09-15
TW00004,https://rukminim1.flixcart.com/image/312/312/xif0q/computer/e/1/7/-original-imag3ebnzawky4kn.jpeg?q=70,ASUS VivoBook 15 (2022) Core i3 10th Gen,33990,512 GB SSD,ORD-1003,CUST-2003,700000000003,Richa,FEDEX,2025-09-02,2025-09-07,2025-09-06,delivered,2025-09-16
TW00005,https://rukminim1.flixcart.com/image/312/312/xif0q/computer/g/w/y/-original-imagmuhrzbmzwnee.jpeg?q=70,Lenovo Athlon Dual Core,18990,256 GB SSD,ORD-1004,CUST-2004,700000000004,Anjali,UPS,2025-09-03,2025-09-08,2025-09-07,delivered,2025-09-17
TW00006,https://rukminim1.flixcart.com/image/312/312/kp5sya80/screen-guard/tempered-glass/o/v/n/apple-macbook-air-m1-13-3-inch-lightwings-original-imag3gh5xftgbpg3.jpeg?q=70,APPLE 2020 Macbook Air M1,86990,256 GB SSD,ORD-1005,CUST-2005,700000000005,Bhavna,DHL,2025-09-04,2025-09-09,,confirmed,2025-09-19
TW00007,https://rukminim1.flixcart.com/image/312/312/l2m78280/computer/z/e/f/-original-imagdx9szs8xz2rk.jpeg?q=70,ASUS VivoBook 14 (2021) Celeron Dual Core,23990,256 GB SSD,ORD-1006,CUST-2006,700000000006,Nilesh,FEDEX,2025-09-05,2025-09-10,,confirmed,2025-09-20
TW00008,https://rukminim1.flixcart.com/image/312/312/xif0q/computer/m/j/s/vostro-3425-thin-and-light-laptop-dell-original-imagjhbg6gyyc5j8.jpeg?q=70,DELL Vostro Ryzen 3 Quad Core 5425U,36890,256 GB SSD,ORD-1007,CUST-2007,700000000007,Yash,BlueDart,2025-09-06,2025-09-11,2025-09-10,delivered,2025-09-20
TW00009,https://rukminim1.flixcart.com/image/312/312/xif0q/computer/d/t/c/v15-g2-alc-laptop-lenovo-original-imaghq2ffspmtfuh.jpeg?q=70,Lenovo V15 G2 Core i3 11th Gen,33999,512 GB SSD,ORD-1008,CUST-2008,700000000008,Aarti,FEDEX,2025-09-07,2025-09-12,2025-09-11,delivered,2025-09-21
TW00010,https://rukminim1.flixcart.com/image/312/312/kuwzssw0/computer/x/l/a/redmibook-15-pro-thin-and-light-laptop-redmi-original-imag7xhnakyazyma.jpeg?q=70,RedmiBook Pro Core i5 11th Gen,38990,512 GB SSD,ORD-1009,CUST-2009,700000000009,Amit,FEDEX,2025-09-08,2025-09-13,,shipped,2025-09-23
TW00011,https://rukminim1.flixcart.com/image/312/312/xif0q/computer/q/0/8/-original-imagkgr3wcfexyd8.jpeg?q=70,acer Aspire 3 Ryzen 3 Dual Core 3250U,26990,256 GB SSD,ORD-1010,CUST-2010,700000000010,Ishita,UPS,2025-09-09,2025-09-14,,in_transit,2025-09-24
TW00012,https://rukminim1.flixcart.com/image/312/312/xif0q/computer/8/u/o/-original-imagg6t9hc6wubth.jpeg?q=70,ASUS Vivobook 14 (2022) Core i5 12th Gen,66990,512 GB SSD,ORD-1011,CUST-2011,700000000011,Parth,UPS,2025-09-10,2025-09-15,,confirmed,2025-09-25
TW00013,https://rukminim1.flixcart.com/image/312/312/xif0q/computer/o/t/h/-original-imagg6t9pauha4t7.jpeg?q=70,ASUS Vivobook 15 Core i3 11th Gen,37990,512 GB SSD,ORD-1012,CUST-2012,700000000012,Swati,BlueDart,2025-09-11,2025-09-16,2025-09-15,delivered,2025-09-25
TW00014,https://rukminim1.flixcart.com/image/312/312/xif0q/computer/m/q/o/-original-imag7wjdg4dvcdya.jpeg?q=70,ASUS Core i7 11th Gen,56990,512 GB SSD,ORD-1013,CUST-2013,700000000013,Devansh,FEDEX,2025-09-12,2025-09-17,,confirmed,2025-09-27
TW00015,https://rukminim1.flixcart.com/image/312/312/xif0q/computer/x/o/u/-original-imaghkk994ybh4fh.jpeg?q=70,DELL Vostro Core i3 11th Gen,39990,1 TB HDD,ORD-1014,CUST-2014,700000000014,Tanisha,BlueDart,2025-09-13,2025-09-18,,shipped,2025-09-28
TW00016,https://rukminim1.flixcart.com/image/312/312/ksez24w0/computer/h/8/9/rmnb1001-thin-and-light-laptop-realme-original-imag5zhgcstmjbxg.jpeg?q=70,realme Book (Slim) Core i3 11th Gen,46990,256 GB SSD,ORD-1015,CUST-2015,700000000015,Rupesh,BlueDart,2025-09-14,2025-09-19,2025-09-18,delivered,2025-09-28
TW00017,https://rukminim1.flixcart.com/image/312/312/l5h2xe80/computer/h/i/p/14s-dy5005tu-thin-and-light-laptop-hp-original-imagg4rc7n75zqkp.jpeg?q=70,HP 14s Intel Core i3 11th Gen,37990,256 GB SSD,ORD-1016,CUST-2016,700000000016,Siddharth,FEDEX,2025-09-15,2025-09-20,2025-09-19,delivered,2025-09-29
TW00018,https://rukminim1.flixcart.com/image/312/312/xif0q/computer/5/6/i/-original-imaggshd5zgfe8ev.jpeg?q=70,HP Ryzen 5 Hexa Core 5500U,49123,512 GB SSD,ORD-1017,CUST-2017,700000000017,Charu,FEDEX,2025-09-16,2025-09-21,2025-09-20,delivered,2025-09-30
TW00019,https://rukminim1.flixcart.com/image/312/312/xif0q/computer/7/3/l/-original-imagha3pvvc2xuz2.jpeg?q=70,MSI Bravo 15 Ryzen 5 Hexa Core AMD R5,47990,512 GB SSD,ORD-1018,CUST-2018,700000000018,Sonia,BlueDart,2025-09-17,2025-09-22,2025-09-21,delivered,2025-10-01
TW00020,https://rukminim1.flixcart.com/image/312/312/xif0q/computer/f/z/r/-original-imaggskgx4ze73fn.jpeg?q=70,ASUS Zenbook Flip 14 OLED (2022) Touch Panel Core i5 12th Gen,86500,512 GB SSD,ORD-1019,CUST-2019,700000000019,Anurag,UPS,2025-09-18,2025-09-23,,confirmed,2025-10-03
TW00021,https://rukminim1.flixcart.com/image/312/312/khdqnbk0/computer/f/y/t/apple-original-imafxfyqydgvrkzv.jpeg?q=70,APPLE 2020 Macbook Air M1,86990,256 GB SSD,ORD-1020,CUST-2020,700000000020,Smita,BlueDart,2025-09-19,2025-09-24,,out_for_delivery,2025-10-04
TW00022,https://rukminim1.flixcart.com/image/312/312/xif0q/computer/c/6/1/15s-fq5007tu-thin-and-light-laptop-hp-original-imagkwj68xgexkhy.jpeg?q=70,HP 15s Intel Core i3 12th Gen,44990,512 GB SSD,ORD-1021,CUST-2021,700000000021,Rekha,FEDEX,2025-09-20,2025-09-25,2025-09-24,delivered,2025-10-04
TW00023,https://rukminim1.flixcart.com/image/312/312/xif0q/computer/k/b/8/15s-fr4000tu-thin-and-light-laptop-hp-original-imaghrcwmt7v5svk.jpeg?q=70,HP Intel Core i5 11th Gen,52990,512 GB SSD,ORD-1022,CUST-2022,700000000022,Akash,UPS,2025-09-21,2025-09-26,2025-09-25,delivered,2025-10-05
TW00024,https://rukminim1.flixcart.com/image/312/312/xif0q/computer/5/6/i/-original-imaggshd5zgfe8ev.jpeg?q=70,HP Ryzen 3 Quad Core 5300U,38990,512 GB SSD,ORD-1023,CUST-2023,700000000023,Dhruv,UPS,2025-09-22,2025-09-27,2025-09-26,delivered,2025-10-06
TW00025,https://rukminim1.flixcart.com/image/312/312/keaaavk0/computer/c/q/t/lenovo-na-thin-and-light-laptop-original-imafuzt873zgp9xe.jpeg?q=70,Lenovo IdeaPad 3 Core i3 11th Gen,33890,256 GB SSD,ORD-1024,CUST-2024,700000000024,Maya,FEDEX,2025-09-23,2025-09-28,,shipped,2025-10-08
TW00026,https://rukminim1.flixcart.com/image/312/312/ks4yz680/computer/q/5/z/x409fa-ek617t-thin-and-light-laptop-asus-original-imag5rwhrgjtgkyq.jpeg?q=70,ASUS Core i3 10th Gen,33990,512 GB SSD,ORD-1025,CUST-2025,700000000025,Anjali,DHL,2025-09-24,2025-09-29,2025-09-28,delivered,2025-10-08
TW00027,https://rukminim1.flixcart.com/image/312/312/xif0q/computer/l/6/o/14s-fq0568au-thin-and-light-laptop-hp-original-imaggdzyrdf7hbkr.jpeg?q=70,HP Athlon Dual Core 3050U,26990,256 GB SSD,ORD-1026,CUST-2026,700000000026,Smita,BlueDart,2025-09-25,2025-09-30,2025-09-29,delivered,2025-10-09
TW00028,https://rukminim1.flixcart.com/image/312/312/keaaavk0/computer/x/m/y/lenovo-na-laptop-original-imafuzt8r5jqppfn.jpeg?q=70,Lenovo Intel Core i3 11th Gen,38500,512 GB SSD,ORD-1027,CUST-2027,700000000027,Ira,FEDEX,2025-09-26,2025-10-01,2025-09-30,delivered,2025-10-10
TW00029,https://rukminim1.flixcart.com/image/312/312/xif0q/computer/5/k/i/-original-imaggsh8hmh4jmdz.jpeg?q=70,HP Ryzen 5 Hexa Core 5500U,45909,512 GB SSD,ORD-1028,CUST-2028,700000000028,Isha,UPS,2025-09-27,2025-10-02,,processing,2025-10-12
TW00030,https://rukminim1.flixcart.com/image/312/312/l15bxjk0/computer/8/4/i/-original-imagcsyu53jxgtqe.jpeg?q=70,ASUS VivoBook K15 OLED (2022) Ryzen 5 Hexa Core AMD R5,49990,1 TB HDD,ORD-1029,CUST-2029,700000000029,Rachna,FEDEX,2025-09-28,2025-10-03,2025-10-02,delivered,2025-10-12
TW00031,https://rukminim1.flixcart.com/image/312/312/l5h2xe80/computer/e/i/d/15s-fr2511tu-thin-and-light-laptop-hp-original-imagg59a7s5kymvy.jpeg?q=70,HP 15s Intel Core i3 11th Gen,40950,512 GB SSD,ORD-1030,CUST-2030,700000000030,Simran,DHL,2025-09-29,2025-10-04,2025-10-03,delivered,2025-10-13
TW00032,https://rukminim1.flixcart.com/image/312/312/xif0q/computer/1/b/0/15itl6-thin-and-light-laptop-lenovo-original-imagkwgzafjp33es.jpeg?q=70,Lenovo Intel Core i5 11th Gen,52890,512 GB SSD,ORD-1031,CUST-2031,700000000031,Riya,BlueDart,2025-09-30,2025-10-05,2025-10-04,delivered,2025-10-14
TW00033,https://rukminim1.flixcart.com/image/312/312/l0vbukw0/computer/8/e/j/-original-imagckcffymgykfd.jpeg?q=70,ASUS ROG Strix G15 (2022) Ryzen 7 Octa Core AMD R7,99990,512 GB SSD,ORD-1032,CUST-2032,700000000032,Shivani,BlueDart,2025-10-01,2025-10-06,,processing,2025-10-16
TW00034,https://rukminim1.flixcart.com/image/312/312/xif0q/computer/p/z/c/-original-imaghr25cncfgpza.jpeg?q=70,ASUS Vivobook Pro 15 Ryzen 7 Octa Core AMD R7,59990,512 GB SSD,ORD-1033,CUST-2033,700000000033,Manav,DHL,2025-10-02,2025-10-07,2025-10-06,delivered,2025-10-16
TW00035,https://rukminim1.flixcart.com/image/312/312/xif0q/computer/y/6/4/-original-imagkqwzbryf6sp7.jpeg?q=70,HP 15s Intel Core i5 12th Gen,58018,512 GB SSD,ORD-1034,CUST-2034,700000000034,Pooja,BlueDart,2025-10-03,2025-10-08,,out_for_delivery,2025-10-18
TW00036,https://rukminim1.flixcart.com/image/312/312/kruyw7k0/computer/f/i/u/na-thin-and-light-laptop-lenovo-original-imag5jy6fsm2yx4q.jpeg?q=70,Lenovo IdeaPad 3 Core i3 11th Gen,38699,512 GB SSD,ORD-1035,CUST-2035,700000000035,Sanya,UPS,2025-10-04,2025-10-09,2025-10-08,delivered,2025-10-18
TW00037,https://rukminim1.flixcart.com/image/312/312/l0r1j0w0/computer/z/m/a/np340xla-ka1in-thin-and-light-laptop-samsung-original-imagcgqvcvcbsun6.jpeg?q=70,SAMSUNG Galaxy Book Go Snapdragon 7c Gen 2,32990,512 GB SSD,ORD-1036,CUST-2036,700000000036,Alok,DHL,2025-10-05,2025-10-10,,confirmed,2025-10-20
TW00038,https://rukminim1.flixcart.com/image/312/312/xif0q/computer/d/w/i/-original-imagmnmsbhuxbazf.jpeg?q=70,HP Pavilion Ryzen 5 Hexa Core 5625U,53990,512 GB SSD,ORD-1037,CUST-2037,700000000037,Dhruv,DHL,2025-10-06,2025-10-11,,processing,2025-10-21
TW00039,https://rukminim1.flixcart.com/image/312/312/l48s9zk0/computer/e/n/0/-original-imagf6z3yxgmucxj.jpeg?q=70,acer Swift 3 Core i5 12th Gen,64990,512 GB SSD,ORD-1038,CUST-2038,700000000038,Kshitij,DHL,2025-10-07,2025-10-12,2025-10-11,delivered,2025-10-21
TW00040,https://rukminim1.flixcart.com/image/312/312/kruyw7k0/computer/f/i/u/na-thin-and-light-laptop-lenovo-original-imag5jy6fsm2yx4q.jpeg?q=70,Lenovo IdeaPad 3 Core i5 11th Gen,52990,512 GB SSD,ORD-1039,CUST-2039,700000000039,Priyanka,UPS,2025-10-08,2025-10-13,2025-10-12,delivered,2025-10-22
TW00041,https://rukminim1.flixcart.com/image/312/312/ksez24w0/computer/v/b/y/rmnb1001-thin-and-light-laptop-realme-original-imag5zhgw27k4tbb.jpeg?q=70,realme Book (Slim) Core i3 11th Gen,46990,256 GB SSD,ORD-1040,CUST-2040,700000000040,Sahana,BlueDart,2025-10-09,2025-10-14,,processing,2025-10-24
TW00042,https://rukminim1.flixcart.com/image/312/312/l0r1j0w0/computer/d/d/r/fa777rm-hx019w-gaming-laptop-asus-original-imagcg8q8kqgycxy.jpeg?q=70,ASUS TUF Gaming F17 (2022) with 90Whr Battery Core i7 12th Gen,109990,1 TB SSD,ORD-1041,CUST-2041,700000000041,Shweta,FEDEX,2025-10-10,2025-10-15,,processing,2025-10-25
TW00043,https://rukminim1.flixcart.com/image/312/312/xif0q/computer/2/v/m/-original-imagmnmr59pmudx6.jpeg?q=70,HP Pavilion Intel Core i5 12th Gen,68114,512 GB SSD,ORD-1042,CUST-2042,700000000042,Maya,UPS,2025-10-11,2025-10-16,2025-10-15,delivered,2025-10-25
TW00044,https://rukminim1.flixcart.com/image/312/312/xif0q/computer/a/c/3/-original-imagg56h9gat842s.jpeg?q=70,Lenovo IdeaPad 3 Core i5 12th Gen,56049,512 GB SSD,ORD-1043,CUST-2043,700000000043,Nilesh,FEDEX,2025-10-12,2025-10-17,2025-10-16,delivered,2025-10-26
TW00045,https://rukminim1.flixcart.com/image/312/312/l2m78280/computer/z/e/f/-original-imagdx9szs8xz2rk.jpeg?q=70,ASUS VivoBook 14 Pentium Silver,25990,256 GB SSD,ORD-1044,CUST-2044,700000000044,Kshitij,UPS,2025-10-13,2025-10-18,,out_for_delivery,2025-10-28
TW00046,https://rukminim1.flixcart.com/image/312/312/l5e81ow0/computer/j/w/o/ex-215-54-thin-and-light-laptop-acer-original-imagg28wzdeny2jq.jpeg?q=70,acer Extensa Core i3 11th Gen,33990,512 GB SSD,ORD-1045,CUST-2045,700000000045,Riya,BlueDart,2025-10-14,2025-10-19,2025-10-18,delivered,2025-10-28
TW00047,https://rukminim1.flixcart.com/image/312/312/l2m78280/computer/z/e/f/-original-imagdx9szs8xz2rk.jpeg?q=70,ASUS VivoBook 14 (2022) Ryzen 5 Quad Core AMD R5,38990,512 GB SSD,ORD-1046,CUST-2046,700000000046,Shweta,FEDEX,2025-10-15,2025-10-20,,shipped,2025-10-30
TW00048,https://rukminim1.flixcart.com/image/312/312/xif0q/computer/2/3/5/-original-imagg5hhjunrv4e4.jpeg?q=70,Lenovo IdeaPad 3 Ryzen 5 Hexa Core 5500U,47039,512 GB SSD,ORD-1047,CUST-2047,700000000047,Aakash,DHL,2025-10-16,2025-10-21,,confirmed,2025-10-31
TW00049,https://rukminim1.flixcart.com/image/312/312/xif0q/computer/y/h/w/-original-imaghzahgukpkyfu.jpeg?q=70,DELL Core i5 12th Gen,67990,512 GB SSD,ORD-1048,CUST-2048,700000000048,Akash,BlueDart,2025-10-17,2025-10-22,,out_for_delivery,2025-11-01
TW00050,https://rukminim1.flixcart.com/image/312/312/kcjexe80/computer/f/j/u/asus-original-imaftndwqbqznkju.jpeg?q=70,ASUS Vivobook Ultra 14 (2022) Core i3 11th Gen,40990,512 GB SSD,ORD-1049,CUST-2049,700000000049,Bhavna,UPS,2025-10-18,2025-10-23,,processing,2025-11-02
TW00051,https://rukminim1.flixcart.com/image/312/312/ksez24w0/computer/v/b/y/rmnb1001-thin-and-light-laptop-realme-original-imag5zhgw27k4tbb.jpeg?q=70,realme Book (Slim) Core i3 11th Gen,46990,256 GB SSD,ORD-1050,CUST-2050,700000000050,Sneha,FEDEX,2025-10-19,2025-10-24,2025-10-23,delivered,2025-11-02
TW00052,https://rukminim1.flixcart.com/image/312/312/keaaavk0/computer/x/m/y/lenovo-na-laptop-original-imafuzt8r5jqppfn.jpeg?q=70,Lenovo Intel Core i3 11th Gen,38500,512 GB SSD,ORD-1051,CUST-2051,700000000051,Tanya,BlueDart,2025-10-20,2025-10-25,,in_transit,2025-11-04
TW00053,https://rukminim1.flixcart.com/image/312/312/xif0q/computer/o/t/h/-original-imagg6t9pauha4t7.jpeg?q=70,ASUS Vivobook 15 Core i5 11th Gen,49990,512 GB SSD,ORD-1052,CUST-2052,700000000052,Tanisha,FEDEX,2025-10-21,2025-10-26,2025-10-25,delivered,2025-11-04
TW00054,https://rukminim1.flixcart.com/image/312/312/xif0q/computer/m/b/n/-original-imagfdf4xnbyyxpa.jpeg?q=70,APPLE 2022 MacBook AIR M2,131990,512 GB SSD,ORD-1053,CUST-2053,700000000053,Naina,BlueDart,2025-10-22,2025-10-27,,out_for_delivery,2025-11-06
TW00055,https://rukminim1.flixcart.com/image/312/312/l30hmkw0/computer/y/r/c/-original-image8cfzz5chjas.jpeg?q=70,ASUS Zenbook 14X (2022) Space Edition Core i9 12th Gen,159990,1 TB SSD,ORD-1054,CUST-2054,700000000054,Alok,FEDEX,2025-10-23,2025-10-28,,processing,2025-11-07
TW00056,https://rukminim1.flixcart.com/image/312/312/xif0q/computer/1/b/0/15itl6-thin-and-light-laptop-lenovo-original-imagkwgzafjp33es.jpeg?q=70,Lenovo Intel Core i5 11th Gen,52890,512 GB SSD,ORD-1055,CUST-2055,700000000055,Parth,BlueDart,2025-10-24,2025-10-29,2025-10-28,delivered,2025-11-07
TW00057,https://rukminim1.flixcart.com/image/312/312/xif0q/computer/t/r/z/alpha-15-amd-advantage-edition-b5eek-gaming-laptop-msi-original-imaghffgxvfmtcpg.jpeg?q=70,MSI Alpha 15 AMD Advantage Edition Ryzen 7 Octa Core 5800H,74990,512 GB SSD,ORD-1056,CUST-2056,700000000056,Rohan,UPS,2025-10-25,2025-10-30,,in_transit,2025-11-09
TW00058,https://rukminim1.flixcart.com/image/312/312/l15bxjk0/computer/8/4/i/-original-imagcsyu53jxgtqe.jpeg?q=70,ASUS VivoBook K15 OLED Ryzen 7 Octa Core AMD R7,61990,512 GB SSD,ORD-1057,CUST-2057,700000000057,Kshitij,DHL,2025-10-26,2025-10-31,2025-10-30,delivered,2025-11-09
TW00059,https://rukminim1.flixcart.com/image/312/312/xif0q/computer/3/b/t/-original-imaghsggffspg9pw.jpeg?q=70,ASUS ZenBook Duo 14 (2021) Touch Panel Core i5 11th Gen,74990,512 GB SSD,ORD-1058,CUST-2058,700000000058,Sahana,BlueDart,2025-10-27,2025-11-01,,shipped,2025-11-11
TW00060,https://rukminim1.flixcart.com/image/312/312/kruyw7k0/computer/f/i/u/na-thin-and-light-laptop-lenovo-original-imag5jy6fsm2yx4q.jpeg?q=70,Lenovo IdeaPad 3 Core i3 11th Gen,38699,512 GB SSD,ORD-1059,CUST-2059,700000000059,Shweta,BlueDart,2025-10-28,2025-11-02,,confirmed,2025-11-12
TW00061,https://rukminim1.flixcart.com/image/312/312/xif0q/computer/f/2/t/-original-imagg6t9xpv4rr8v.jpeg?q=70,ASUS Vivobook 14 (2022) Core i3 12th Gen,46990,512 GB SSD,ORD-1060,CUST-2060,700000000060,Tanya,FEDEX,2025-10-29,2025-11-03,2025-11-02,delivered,2025-11-12
TW00062,https://rukminim1.flixcart.com/image/312/312/xif0q/computer/n/r/c/-original-imaghzah5hzzt2hw.jpeg?q=70,DELL Core i5 12th Gen,57990,1 TB HDD,ORD-1061,CUST-2061,700000000061,Ankita,BlueDart,2025-10-30,2025-11-04,2025-11-03,delivered,2025-11-13
TW00063,https://rukminim1.flixcart.com/image/312/312/xif0q/computer/b/e/h/-original-imagjyc69gh3a8wu.jpeg?q=70,acer Aspire 7 Ryzen 5 Hexa Core AMD R5,51990,512 GB SSD,ORD-1062,CUST-2062,700000000062,Pallavi,UPS,2025-10-31,2025-11-05,,out_for_delivery,2025-11-15
TW00064,https://rukminim1.flixcart.com/image/312/312/kruyw7k0/computer/f/i/u/na-thin-and-light-laptop-lenovo-original-imag5jy6fsm2yx4q.jpeg?q=70,Lenovo IdeaPad 3 Core i5 11th Gen,52990,512 GB SSD,ORD-1063,CUST-2063,700000000063,Shalini,DHL,2025-11-01,2025-11-06,2025-11-05,delivered,2025-11-15
TW00065,https://rukminim1.flixcart.com/image/312/312/xif0q/computer/2/v/m/-original-imagmnmr59pmudx6.jpeg?q=70,HP Pavilion Core i7 12th Gen,89990,1 TB SSD,ORD-1064,CUST-2064,700000000064,Tanisha,BlueDart,2025-11-02,2025-11-07,,in_transit,2025-11-17
TW00066,https://rukminim1.flixcart.com/image/312/312/kruyw7k0/computer/v/x/v/na-thin-and-light-laptop-apple-original-imag5jt7u9fzenqb.jpeg?q=70,APPLE 2020 Macbook Air M1,86990,256 GB SSD,ORD-1065,CUST-2065,700000000065,Ira,UPS,2025-11-03,2025-11-08,,confirmed,2025-11-18
TW00067,https://rukminim1.flixcart.com/image/312/312/xif0q/computer/2/3/5/-original-imagg5hhjunrv4e4.jpeg?q=70,Lenovo IdeaPad 3 Ryzen 5 Hexa Core 5500U,47039,512 GB SSD,ORD-1066,CUST-2066,700000000066,Harsh,DHL,2025-11-04,2025-11-09,2025-11-08,delivered,2025-11-18
TW00068,https://rukminim1.flixcart.com/image/312/312/xif0q/computer/a/c/3/-original-imagg56h9gat842s.jpeg?q=70,Lenovo IdeaPad 3 Core i5 12th Gen,56049,512 GB SSD,ORD-1067,CUST-2067,700000000067,Priyanka,UPS,2025-11-05,2025-11-10,,processing,2025-11-20
TW00069,https://rukminim1.flixcart.com/image/312/312/l2dmky80/computer/0/3/a/-original-imagdqdytfgwhsah.jpeg?q=70,ASUS VivoBook K15 OLED (2022) Core i5 11th Gen,64990,1 TB HDD,ORD-1068,CUST-2068,700000000068,Rashmi,BlueDart,2025-11-06,2025-11-11,2025-11-10,delivered,2025-11-20
TW00070,https://rukminim1.flixcart.com/image/312/312/kwdv3bk0/computer/r/m/c/15-ec2145ax-gaming-laptop-hp-original-imag92vp9cznphgg.jpeg?q=70,HP Pavilion Ryzen 5 Hexa Core AMD R5,64990,512 GB SSD,ORD-1069,CUST-2069,700000000069,Ishita,UPS,2025-11-07,2025-11-12,,processing,2025-11-22
TW00071,https://rukminim1.flixcart.com/image/312/312/xif0q/computer/a/3/9/x515ja-ej382ws-laptop-asus-original-imaghhwnkafntrrc.jpeg?q=70,ASUS Core i3 10th Gen,35990,512 GB SSD,ORD-1070,CUST-2070,700000000070,Rajnish,DHL,2025-11-08,2025-11-13,,out_for_delivery,2025-11-23
TW00072,https://rukminim1.flixcart.com/image/312/312/xif0q/computer/y/4/b/-original-imagmmntzeunqhyh.jpeg?q=70,Lenovo Intel Core i3 11th Gen,38290,512 GB SSD,ORD-1071,CUST-2071,700000000071,Charu,BlueDart,2025-11-09,2025-11-14,,processing,2025-11-24
TW00073,https://rukminim1.flixcart.com/image/312/312/xif0q/computer/d/w/7/raider-ge78hx-13vh-088in-gaming-laptop-msi-original-imagmmhz3pyvmxbp.jpeg?q=70,MSI Core i9 13th Gen,399990,2 TB SSD,ORD-1072,CUST-2072,700000000072,Manish,FEDEX,2025-11-10,2025-11-15,,out_for_delivery,2025-11-25
TW00074,https://rukminim1.flixcart.com/image/312/312/kr2e3680/computer/i/w/9/na-thin-and-light-laptop-asus-original-imag4yykyhpwfp8v.jpeg?q=70,ASUS Chromebook Celeron Dual Core,17990,2 TB SSD,ORD-1073,CUST-2073,700000000073,Harini,FEDEX,2025-11-11,2025-11-16,,processing,2025-11-26
TW00075,https://rukminim1.flixcart.com/image/312/312/xif0q/computer/s/z/n/-original-imagg3fxfrttfgvj.jpeg?q=70,ASUS Chromebook Flip Touch Celeron Dual Core,15990,2 TB SSD,ORD-1074,CUST-2074,700000000074,Shalini,BlueDart,2025-11-12,2025-11-17,2025-11-16,delivered,2025-11-26
TW00076,https://rukminim1.flixcart.com/image/312/312/xif0q/computer/1/b/0/15itl6-thin-and-light-laptop-lenovo-original-imagkwgzafjp33es.jpeg?q=70,Lenovo Intel Core i5 11th Gen,62990,512 GB SSD,ORD-1075,CUST-2075,700000000075,Ira,BlueDart,2025-11-13,2025-11-18,,shipped,2025-11-28
TW00077,https://rukminim1.flixcart.com/image/312/312/xif0q/computer/y/b/w/-original-imagg6t9sb9gvafu.jpeg?q=70,ASUS Core i3 12th Gen,42990,512 GB SSD,ORD-1076,CUST-2076,700000000076,Rajesh,FEDEX,2025-11-14,2025-11-19,,in_transit,2025-11-29
TW00078,https://rukminim1.flixcart.com/image/312/312/xif0q/computer/s/n/d/katana-17-b13vfk-253in-gaming-laptop-msi-original-imagmmhgf9gjkhzf.jpeg?q=70,MSI Core i7 13th Gen,138990,1 TB SSD,ORD-1077,CUST-2077,700000000077,Karthik,DHL,2025-11-15,2025-11-20,,shipped,2025-11-30
TW00079,https://rukminim1.flixcart.com/image/312/312/xif0q/computer/n/j/z/m1603qa-mb511ws-laptop-asus-original-imaghfbtdt8fzsss.jpeg?q=70,ASUS Vivobook 16X Ryzen 5 Hexa Core R5,54990,512 GB SSD,ORD-1078,CUST-2078,700000000078,Harsh,UPS,2025-11-16,2025-11-21,,confirmed,2025-12-01
TW00080,https://rukminim1.flixcart.com/image/312/312/xif0q/computer/d/t/c/v15-g2-alc-laptop-lenovo-original-imaghq2ffspmtfuh.jpeg?q=70,Lenovo V15 G2 Core i3 11th Gen,37500,1 TB HDD,ORD-1079,CUST-2079,700000000079,Parth,UPS,2025-11-17,2025-11-22,2025-11-21,delivered,2025-12-01
TW00081,https://rukminim1.flixcart.com/image/312/312/l44hyfk0/computer/l/a/w/-original-imagf39qgu4qjmgk.jpeg?q=70,Infinix X1 Slim Series Core i3 10th Gen,30990,256 GB SSD,ORD-1080,CUST-2080,700000000080,Ishita,BlueDart,2025-11-18,2025-11-23,,processing,2025-12-03
TW00082,https://rukminim1.flixcart.com/image/312/312/kwmfqfk0/computer/8/l/2/ideapad-3-14acl6-thin-and-light-laptop-lenovo-original-imag99kmftdeexpz.jpeg?q=70,Lenovo IdeaPad Ryzen 5 Hexa Core 5500U,50990,512 GB SSD,ORD-1081,CUST-2081,700000000081,Anuja,BlueDart,2025-11-19,2025-11-24,,shipped,2025-12-04
TW00083,https://rukminim1.flixcart.com/image/312/312/xif0q/computer/3/b/t/-original-imaghsggffspg9pw.jpeg?q=70,ASUS ZenBook Duo 14 (2021) Touch Panel Core i5 11th Gen,79990,512 GB SSD,ORD-1082,CUST-2082,700000000082,Kavya,DHL,2025-11-20,2025-11-25,2025-11-24,delivered,2025-12-04
TW00084,https://rukminim1.flixcart.com/image/312/312/xif0q/computer/m/j/s/vostro-3425-thin-and-light-laptop-dell-original-imagjhbg6gyyc5j8.jpeg?q=70,DELL Vostro Ryzen 3 Quad Core 5425U,36890,256 GB SSD,ORD-1083,CUST-2083,700000000083,Anurag,BlueDart,2025-11-21,2025-11-26,2025-11-25,delivered,2025-12-05
TW00085,https://rukminim1.flixcart.com/image/312/312/xif0q/computer/h/u/b/-original-imagg2vnsrgrfkmz.jpeg?q=70,acer Aspire 3 Dual Core 3020e,22900,256 GB SSD,ORD-1084,CUST-2084,700000000084,Kunal,FEDEX,2025-11-22,2025-11-27,,confirmed,2025-12-07
TW00086,https://rukminim1.flixcart.com/image/312/312/l4vnbm80/computer/i/f/f/15ada7-thin-and-light-laptop-lenovo-original-imagfzzxmhfgzysy.jpeg?q=70,Lenovo IdeaPad 1 Ryzen 3 Dual Core 3250U,33751,512 GB SSD,ORD-1085,CUST-2085,700000000085,Siddharth,BlueDart,2025-11-23,2025-11-28,,out_for_delivery,2025-12-08
TW00087,https://rukminim1.flixcart.com/image/312/312/xif0q/computer/k/0/v/15ach6h-gaming-laptop-lenovo-original-imagheh6fngdnzav.jpeg?q=70,Lenovo Legion 5 Ryzen 7 Octa Core 5800H,116250,512 GB SSD,ORD-1086,CUST-2086,700000000086,Karan,UPS,2025-11-24,2025-11-29,,in_transit,2025-12-09
TW00088,https://rukminim1.flixcart.com/image/312/312/xif0q/computer/k/b/q/-original-imaghsggzmjg7qgn.jpeg?q=70,ASUS Vivobook 15 OLED (2022) Core i3 12th Gen,50990,512 GB SSD,ORD-1087,CUST-2087,700000000087,Neelam,FEDEX,2025-11-25,2025-11-30,2025-11-29,delivered,2025-12-09
TW00089,https://rukminim1.flixcart.com/image/312/312/kp2y2kw0/computer/y/0/c/na-thin-and-light-laptop-asus-original-imag3ebnzawky4kn.jpeg?q=70,ASUS VivoBook 15 (2021) Core i5 10th Gen,45990,512 GB SSD,ORD-1088,CUST-2088,700000000088,Bhavna,UPS,2025-11-26,2025-12-01,,out_for_delivery,2025-12-11
TW00090,https://rukminim1.flixcart.com/image/312/312/xif0q/computer/k/l/i/g713ie-hx040w-gaming-laptop-asus-original-imagkygrm3x7vzzv.jpeg?q=70,ASUS Ryzen 7 Octa Core,90400,1 TB SSD,ORD-1089,CUST-2089,700000000089,Rachna,FEDEX,2025-11-27,2025-12-02,,shipped,2025-12-12
TW00091,https://rukminim1.flixcart.com/image/312/312/xif0q/computer/b/e/s/14-ek0092tu-thin-and-light-laptop-hp-original-imaghubrzsyhm6wf.jpeg?q=70,HP Pavilion x360 Core i7 12th Gen,91990,512 GB SSD,ORD-1090,CUST-2090,700000000090,Aakash,UPS,2025-11-28,2025-12-03,2025-12-02,delivered,2025-12-12
TW00092,https://rukminim1.flixcart.com/image/312/312/xif0q/computer/i/b/p/-original-imaghkprhrcgrfey.jpeg?q=70,HP Pavilion Intel Core i5 12th Gen,62499,512 GB SSD,ORD-1091,CUST-2091,700000000091,Rachna,BlueDart,2025-11-29,2025-12-04,2025-12-03,delivered,2025-12-13
TW00093,https://rukminim1.flixcart.com/image/312/312/l4n2oi80/computer/q/u/u/-original-imagfhpzry32pdyg.jpeg?q=70,ASUS TUF Dash F15 (2022) Core i5 12th Gen,76999,512 GB SSD,ORD-1092,CUST-2092,700000000092,Ira,FEDEX,2025-11-30,2025-12-05,,out_for_delivery,2025-12-15
TW00094,https://rukminim1.flixcart.com/image/312/312/l44hyfk0/computer/3/c/s/-original-imagf35fjbjagyax.jpeg?q=70,ASUS Vivobook 15 Touch Core i5 11th Gen,51990,512 GB SSD,ORD-1093,CUST-2093,700000000093,Rekha,UPS,2025-12-01,2025-12-06,,shipped,2025-12-16
TW00095,https://rukminim1.flixcart.com/image/312/312/xif0q/computer/q/j/c/-original-imagh3wecapg5gqn.jpeg?q=70,HP Athlon Dual Core 3050U,32990,512 GB SSD,ORD-1094,CUST-2094,700000000094,Saurabh,FEDEX,2025-12-02,2025-12-07,2025-12-06,delivered,2025-12-16
TW00096,https://rukminim1.flixcart.com/image/312/312/l2dmky80/computer/l/c/g/-original-imagdqdyewdfx452.jpeg?q=70,ASUS VivoBook K15 OLED (2022) Core i3 11th Gen,45990,512 GB SSD,ORD-1095,CUST-2095,700000000095,Maya,UPS,2025-12-03,2025-12-08,2025-12-07,delivered,2025-12-17
TW00097,https://rukminim1.flixcart.com/image/312/312/kzn17680/computer/1/i/z/-original-imagbhzqahdzyx4e.jpeg?q=70,HP OMEN Core i7 11th Gen,88499,1 TB SSD,ORD-1096,CUST-2096,700000000096,Aviral,UPS,2025-12-04,2025-12-09,,confirmed,2025-12-19
TW00098,https://rukminim1.flixcart.com/image/312/312/xif0q/computer/x/l/v/-original-imaghrfyjeff4bzv.jpeg?q=70,ASUS Vivobook Pro 15 OLED Ryzen 7 Octa Core AMD R7,65990,512 GB SSD,ORD-1097,CUST-2097,700000000097,Parth,DHL,2025-12-05,2025-12-10,,in_transit,2025-12-20
TW00099,https://rukminim1.flixcart.com/image/312/312/l2qhjm80/computer/n/t/g/sword-15-a12ud-gaming-laptop-msi-original-imageymchyn4ypgz.jpeg?q=70,MSI Sword 15 Core i5 12th Gen,85990,512 GB SSD,ORD-1098,CUST-2098,700000000098,Amit,DHL,2025-12-06,2025-12-11,,in_transit,2025-12-21
TW00100,https://rukminim1.flixcart.com/image/312/312/xif0q/computer/1/b/0/15itl6-thin-and-light-laptop-lenovo-original-imagkwgzafjp33es.jpeg?q=70,Lenovo Intel Core i5 11th Gen,62990,512 GB SSD,ORD-1099,CUST-2099,700000000099,Sahana,UPS,2025-12-07,2025-12-12,,confirmed,2025-12-22
TW00101,https://rukminim1.flixcart.com/image/312/312/xif0q/computer/r/y/n/x360-bf0059tu-thin-and-light-laptop-hp-original-imagh4z7h3f56xxj.jpeg?q=70,HP Envy x360 Creator OLED Intel Evo Core i7 12th Gen,104990,512 GB SSD,ORD-1100,CUST-2100,700000000100,Harini,UPS,2025-12-08,2025-12-13,,in_transit,2025-12-23
TW00102,https://rukminim1.flixcart.com/image/312/312/l4hcx3k0/computer/y/j/z/macbook-air-thin-and-light-laptop-apple-original-imagfdeqter4sj2j.jpeg?q=70,APPLE 2022 MacBook AIR M2,139990,512 GB SSD,ORD-1101,CUST-2101,700000000101,Tanvi,BlueDart,2025-12-09,2025-12-14,2025-12-13,delivered,2025-12-23
TW00103,https://rukminim1.flixcart.com/image/312/312/l4hcx3k0/computer/p/p/o/macbook-air-thin-and-light-laptop-apple-original-imagfdfpnjjpdhq2.jpeg?q=70,APPLE 2022 MacBook AIR M2,113490,256 GB SSD,ORD-1102,CUST-2102,700000000102,Kabir,BlueDart,2025-12-10,2025-12-15,,in_transit,2025-12-25
TW00104,https://rukminim1.flixcart.com/image/312/312/xif0q/computer/d/t/c/v15-g2-alc-laptop-lenovo-original-imaghq2ffspmtfuh.jpeg?q=70,Lenovo V15 G2 Core i3 11th Gen,37500,1 TB HDD|256 GB SSD,ORD-1103,CUST-2103,700000000103,Shalini,BlueDart,2025-12-11,2025-12-16,,confirmed,2025-12-26
TW00105,https://rukminim1.flixcart.com/image/312/312/xif0q/computer/m/b/n/-original-imagfdf4xnbyyxpa.jpeg?q=70,APPLE 2022 MacBook AIR M2,113990,256 GB SSD,ORD-1104,CUST-2104,700000000104,Pratik,FEDEX,2025-12-12,2025-12-17,,out_for_delivery,2025-12-27
TW00106,https://rukminim1.flixcart.com/image/312/312/l2urv680/computer/a/v/k/-original-image333jzhyzhyt.jpeg?q=70,ASUS Vivobook S14 OLED (2022) Intel EVO Core i5 12th Gen,74990,512 GB SSD,ORD-1105,CUST-2105,700000000105,Anjali,BlueDart,2025-12-13,2025-12-18,,processing,2025-12-28
TW00107,https://rukminim1.flixcart.com/image/312/312/xif0q/computer/2/h/n/-original-imaggzesaqdhy3xd.jpeg?q=70,ASUS TUF Gaming A15 with 90Whr Battery Ryzen 7 Octa Core 5800H,89990,512 GB SSD,ORD-1106,CUST-2106,700000000106,Pooja,FEDEX,2025-12-14,2025-12-19,,processing,2025-12-29
TW00108,https://rukminim1.flixcart.com/image/312/312/xif0q/computer/m/j/s/vostro-3425-thin-and-light-laptop-dell-original-imagjhbg6gyyc5j8.jpeg?q=70,DELL Vostro Ryzen 3 Quad Core 5425U,36890,256 GB SSD,ORD-1107,CUST-2107,700000000107,Alok,BlueDart,2025-12-15,2025-12-20,,processing,2025-12-30
TW00109,https://rukminim1.flixcart.com/image/312/312/l5h2xe80/computer/h/i/p/14s-dy5005tu-thin-and-light-laptop-hp-original-imagg4rc7n75zqkp.jpeg?q=70,HP 14s Intel Core i3 11th Gen,41990,512 GB SSD,ORD-1108,CUST-2108,700000000108,Shivam,UPS,2025-12-16,2025-12-21,,shipped,2025-12-31
TW00110,https://rukminim1.flixcart.com/image/312/312/l3t2fm80/computer/p/q/q/-original-imageuecysr3cuca.jpeg?q=70,ASUS VivoBook Flip 14 Core i5 11th Gen,63990,512 GB SSD,ORD-1109,CUST-2109,700000000109,Kabir,UPS,2025-12-17,2025-12-22,2025-12-21,delivered,2025-12-31
TW00111,https://rukminim1.flixcart.com/image/312/312/xif0q/computer/a/5/u/x360-bf0121tu-thin-and-light-laptop-hp-original-imaghqcrw4zxhhcc.jpeg?q=70,HP Envy x360 Creator Intel Evo Core i5 12th Gen,86990,512 GB SSD,ORD-1110,CUST-2110,700000000110,Kunal,FEDEX,2025-12-18,2025-12-23,,in_transit,2026-01-02
TW00112,https://rukminim1.flixcart.com/image/312/312/xif0q/computer/h/x/7/14-ec1005au-thin-and-light-laptop-hp-original-imaghusjswsafhcu.jpeg?q=70,HP Pavilion Ryzen 5 Hexa Core 5625U,61990,512 GB SSD,ORD-1111,CUST-2111,700000000111,Karthik,UPS,2025-12-19,2025-12-24,2025-12-23,delivered,2026-01-02
TW00113,https://rukminim1.flixcart.com/image/312/312/l3rmzrk0/computer/q/d/n/-original-imagetjymucqggdq.jpeg?q=70,ASUS TUF Gaming A17 (2022) with 90Whr Battery Ryzen 7 Octa Core AMD R7,88990,512 GB SSD,ORD-1112,CUST-2112,700000000112,Sneha,DHL,2025-12-20,2025-12-25,,processing,2026-01-04
TW00114,https://rukminim1.flixcart.com/image/312/312/xif0q/computer/d/0/k/vector-gp77-13vg-055in-gaming-laptop-msi-original-imagmmhkwjhqgrue.jpeg?q=70,MSI Core i7 13th Gen,249990,1 TB SSD,ORD-1113,CUST-2113,700000000113,Nilesh,FEDEX,2025-12-21,2025-12-26,,out_for_delivery,2026-01-05
TW00115,https://rukminim1.flixcart.com/image/312/312/l0vbukw0/computer/t/z/j/-original-imagckcfkvspp9ga.jpeg?q=70,ASUS ROG Strix G15 (2022) with 90Whr Battery Ryzen 7 Octa Core 6800H,129990,1 TB SSD,ORD-1114,CUST-2114,700000000114,Riya,UPS,2025-12-22,2025-12-27,2025-12-26,delivered,2026-01-05
TW00116,https://rukminim1.flixcart.com/image/312/312/xif0q/computer/8/l/c/raider-ge77hx-12uhs-205in-gaming-laptop-msi-original-imaghffpfubseq3n.jpeg?q=70,MSI Core i9 12th Gen,294990,2 TB SSD,ORD-1115,CUST-2115,700000000115,Tanisha,UPS,2025-12-23,2025-12-28,2025-12-27,delivered,2026-01-06
TW00117,https://rukminim1.flixcart.com/image/312/312/l15bxjk0/computer/8/4/i/-original-imagcsyu53jxgtqe.jpeg?q=70,ASUS VivoBook K15 OLED Ryzen 7 Octa Core AMD R7,61990,512 GB SSD,ORD-1116,CUST-2116,700000000116,Sanjay,UPS,2025-12-24,2025-12-29,,processing,2026-01-08
TW00118,https://rukminim1.flixcart.com/image/312/312/xif0q/computer/u/h/h/15ach6-gaming-laptop-lenovo-original-imaggmxtjewnjpeq.jpeg?q=70,Lenovo IdeaPad Gaming 3 Ryzen 7 Octa Core AMD R7,76990,512 GB SSD,ORD-1117,CUST-2117,700000000117,Shreya,FEDEX,2025-12-25,2025-12-30,,in_transit,2026-01-09
TW00119,https://rukminim1.flixcart.com/image/312/312/kyt0ya80/computer/i/d/p/na-thin-and-light-laptop-apple-original-imagaygvtvf6cx8h.jpeg?q=70,APPLE MacBook Air M1,104990,256 GB SSD,ORD-1118,CUST-2118,700000000118,Tanya,UPS,2025-12-26,2025-12-31,,confirmed,2026-01-10
TW00120,https://rukminim1.flixcart.com/image/312/312/klfhk7k0/computer/w/u/x/na-thin-and-light-laptop-lenovo-original-imagyk4hedcydqx5.jpeg?q=70,Lenovo IdeaPad Core i5 11th Gen,78990,512 GB SSD,ORD-1119,CUST-2119,700000000119,Arjun,BlueDart,2025-12-27,2026-01-01,2025-12-31,delivered,2026-01-10
TW00121,https://rukminim1.flixcart.com/image/312/312/xif0q/computer/y/9/l/-original-imaghzahumgmsmj5.jpeg?q=70,DELL Core i5 11th Gen,63990,512 GB SSD,ORD-1120,CUST-2120,700000000120,Shivani,BlueDart,2025-12-28,2026-01-02,2026-01-01,delivered,2026-01-11
TW00122,https://rukminim1.flixcart.com/image/312/312/xif0q/computer/3/w/u/-original-imaghzahcwt9and9.jpeg?q=70,DELL Core i7 12th Gen,107990,512 GB SSD,ORD-1121,CUST-2121,700000000121,Karan,FEDEX,2025-12-29,2026-01-03,,out_for_delivery,2026-01-13
TW00123,https://rukminim1.flixcart.com/image/312/312/l4n2oi80/computer/q/u/u/-original-imagfhpzry32pdyg.jpeg?q=70,ASUS TUF Dash F15 (2022) Core i5 12th Gen,76999,512 GB SSD,ORD-1122,CUST-2122,700000000122,Rekha,DHL,2025-12-30,2026-01-04,,confirmed,2026-01-14
TW00124,https://rukminim1.flixcart.com/image/312/312/xif0q/computer/1/b/0/15itl6-thin-and-light-laptop-lenovo-original-imagkwgzafjp33es.jpeg?q=70,Lenovo Intel Core i5 11th Gen,62990,512 GB SSD,ORD-1123,CUST-2123,700000000123,Richa,DHL,2025-12-31,2026-01-05,,shipped,2026-01-15
TW00125,https://rukminim1.flixcart.com/image/312/312/xif0q/computer/k/b/q/-original-imaghsggzmjg7qgn.jpeg?q=70,ASUS Vivobook 15 OLED (2022) Core i5 12th Gen,68990,512 GB SSD,ORD-1124,CUST-2124,700000000124,Anurag,BlueDart,2026-01-01,2026-01-06,,shipped,2026-01-16
TW00126,https://rukminim1.flixcart.com/image/312/312/l4oi4cw0/computer/i/n/e/a715-5g-gaming-laptop-acer-original-imagfj2g954wfdyz.jpeg?q=70,acer Aspire 7 Core i5 12th Gen,57990,512 GB SSD,ORD-1125,CUST-2125,700000000125,Kunal,FEDEX,2026-01-02,2026-01-07,,confirmed,2026-01-17
TW00127,https://rukminim1.flixcart.com/image/312/312/l572ufk0/computer/r/n/k/fx517zc-hn108ws-gaming-laptop-asus-original-imagfxj5nfwkg5s7.jpeg?q=70,ASUS TUF Dash F15 Core i7 12th Gen,95990,1 TB SSD,ORD-1126,CUST-2126,700000000126,Ayesha,BlueDart,2026-01-03,2026-01-08,,out_for_delivery,2026-01-18
TW00128,https://rukminim1.flixcart.com/image/312/312/xif0q/computer/d/t/c/v15-g2-alc-laptop-lenovo-original-imaghq2ffspmtfuh.jpeg?q=70,Lenovo V15 G2 Core i3 11th Gen,37500,1 TB HDD,ORD-1127,CUST-2127,700000000127,Neelam,BlueDart,2026-01-04,2026-01-09,,processing,2026-01-19
TW00129,https://rukminim1.flixcart.com/image/312/312/kruyw7k0/computer/f/i/u/na-thin-and-light-laptop-lenovo-original-imag5jy6fsm2yx4q.jpeg?q=70,Lenovo IdeaPad 3 Core i5 11th Gen,52990,512 GB SSD,ORD-1128,CUST-2128,700000000128,Parth,UPS,2026-01-05,2026-01-10,,in_transit,2026-01-20
TW00130,https://rukminim1.flixcart.com/image/312/312/xif0q/computer/f/o/u/creator-m16-a12ud-notebook-msi-original-imaghffhcg3zcdju.jpeg?q=70,MSI Creator M16 Core i7 12th Gen,105990,512 GB SSD,ORD-1129,CUST-2129,700000000129,Bhavna,FEDEX,2026-01-06,2026-01-11,,shipped,2026-01-21
TW00131,https://rukminim1.flixcart.com/image/312/312/xif0q/computer/w/p/3/15-ew0043tu-thin-and-light-laptop-hp-original-imaghrgttxtdcnfy.jpeg?q=70,HP Envy x360 Creator Intel Evo Core i5 12th Gen,82990,512 GB SSD,ORD-1130,CUST-2130,700000000130,Pratik,UPS,2026-01-07,2026-01-12,,out_for_delivery,2026-01-22
TW00132,https://rukminim1.flixcart.com/image/312/312/xif0q/computer/m/j/s/vostro-3425-thin-and-light-laptop-dell-original-imagjhbg6gyyc5j8.jpeg?q=70,DELL Vostro Ryzen 3 Quad Core 5425U,36890,256 GB SSD,ORD-1131,CUST-2131,700000000131,Arjun,FEDEX,2026-01-08,2026-01-13,2026-01-12,delivered,2026-01-22
TW00133,https://rukminim1.flixcart.com/image/312/312/klfhk7k0/computer/w/u/x/na-thin-and-light-laptop-lenovo-original-imagyk4hedcydqx5.jpeg?q=70,Lenovo IdeaPad Core i5 11th Gen,78990,512 GB SSD,ORD-1132,CUST-2132,700000000132,Sonia,DHL,2026-01-09,2026-01-14,2026-01-13,delivered,2026-01-23
TW00134,https://rukminim1.flixcart.com/image/312/312/ksez24w0/computer/h/8/9/rmnb1001-thin-and-light-laptop-realme-original-imag5zhgcstmjbxg.jpeg?q=70,realme Book(Slim) Intel Evo Core i5 11th Gen,59990,512 GB SSD,ORD-1133,CUST-2133,700000000133,Pallavi,FEDEX,2026-01-10,2026-01-15,2026-01-14,delivered,2026-01-24
TW00135,https://rukminim1.flixcart.com/image/312/312/xif0q/computer/t/q/2/-original-imagkqwzyzfahqac.jpeg?q=70,HP 14s Intel Core i5 12th Gen,61400,512 GB SSD,ORD-1134,CUST-2134,700000000134,Anuja,BlueDart,2026-01-11,2026-01-16,,in_transit,2026-01-26
TW00136,https://rukminim1.flixcart.com/image/312/312/l44hyfk0/computer/l/a/w/-original-imagf39qgu4qjmgk.jpeg?q=70,Infinix X1 Slim Series Core i5 10th Gen,37990,512 GB SSD,ORD-1135,CUST-2135,700000000135,Meera,BlueDart,2026-01-12,2026-01-17,,in_transit,2026-01-27
TW00137,https://rukminim1.flixcart.com/image/312/312/xif0q/computer/o/3/q/14-ek0074tu-thin-and-light-laptop-hp-original-imagh89bdga9fcys.jpeg?q=70,HP Pavilion Intel Core i5 12th Gen,77070,512 GB SSD,ORD-1136,CUST-2136,700000000136,Aarti,DHL,2026-01-13,2026-01-18,,in_transit,2026-01-28
TW00138,https://rukminim1.flixcart.com/image/312/312/xif0q/computer/n/1/g/-original-imagg6t9hmxg6ndz.jpeg?q=70,ASUS Vivobook 14 (2022) Core i5 12th Gen,56990,512 GB SSD,ORD-1137,CUST-2137,700000000137,Harini,DHL,2026-01-14,2026-01-19,2026-01-18,delivered,2026-01-28
TW00139,https://rukminim1.flixcart.com/image/312/312/xif0q/computer/b/e/h/-original-imagjyc69gh3a8wu.jpeg?q=70,acer Aspire 7 Ryzen 5 Hexa Core 5500U,56990,512 GB SSD,ORD-1138,CUST-2138,700000000138,Ravi,UPS,2026-01-15,2026-01-20,,in_transit,2026-01-30
TW00140,https://rukminim1.flixcart.com/image/312/312/l58iaa80/computer/q/s/w/inspiron-3511-laptop-dell-original-imagfycrbnpu2nbh.jpeg?q=70,DELL Inspiron Core i3 11th Gen,42490,1 TB HDD,ORD-1139,CUST-2139,700000000139,Parth,FEDEX,2026-01-16,2026-01-21,,out_for_delivery,2026-01-31
TW00141,https://rukminim1.flixcart.com/image/312/312/ks7tuvk0/computer/i/e/z/predator-helios-300-gaming-laptop-acer-original-imag5txxsjgxh47z.jpeg?q=70,acer Predator Helios 300 Core i7 11th Gen,95990,1 TB HDD,ORD-1140,CUST-2140,700000000140,Harini,FEDEX,2026-01-17,2026-01-22,,in_transit,2026-02-01
TW00142,https://rukminim1.flixcart.com/image/312/312/l45xea80/computer/v/c/x/inspiron-3511-thin-and-light-laptop-dell-original-imagf4n2y3uk8jcz.jpeg?q=70,DELL Inspiron Core i3 11th Gen,44290,512 GB SSD,ORD-1141,CUST-2141,700000000141,Akash,BlueDart,2026-01-18,2026-01-23,2026-01-22,delivered,2026-02-01
TW00143,https://rukminim1.flixcart.com/image/312/312/l2ghgnk0/computer/t/g/j/14-ec1008au-thin-and-light-laptop-hp-original-imagdsx9uqnpahja.jpeg?q=70,HP Pavilion Ryzen 5 Hexa Core 5625U,63550,512 GB SSD,ORD-1142,CUST-2142,700000000142,Rachna,UPS,2026-01-19,2026-01-24,,shipped,2026-02-03
TW00144,https://rukminim1.flixcart.com/image/312/312/xif0q/computer/8/l/f/-original-imagg2ckcragzhhe.jpeg?q=70,MSI Core i9 12th Gen,119990,1 TB SSD,ORD-1143,CUST-2143,700000000143,Dhruv,FEDEX,2026-01-20,2026-01-25,,in_transit,2026-02-04
TW00145,https://rukminim1.flixcart.com/image/312/312/kyt0ya80/computer/b/v/q/na-thin-and-light-laptop-apple-original-imagaygvkp7pjexm.jpeg?q=70,APPLE MacBook Air M1,129990,512 GB SSD,ORD-1144,CUST-2144,700000000144,Reena,DHL,2026-01-21,2026-01-26,,shipped,2026-02-05
TW00146,https://rukminim1.flixcart.com/image/312/312/l58iaa80/computer/e/u/f/ga503rm-hq030ws-gaming-laptop-asus-original-imagfyjedtcx2vfw.jpeg?q=70,ASUS ROG Zephyrus G15 (2022) with 90Whr Battery Ryzen 9 Octa Core 6900HS,161990,1 TB SSD,ORD-1145,CUST-2145,700000000145,Pallavi,UPS,2026-01-22,2026-01-27,,confirmed,2026-02-06
TW00147,https://rukminim1.flixcart.com/image/312/312/xif0q/computer/i/f/r/-original-imagjfgyxmcz7scf.jpeg?q=70,Infinix INBook X2 Plus Core i5 11th Gen,47990,512 GB SSD,ORD-1146,CUST-2146,700000000146,Parth,UPS,2026-01-23,2026-01-28,,shipped,2026-02-07
TW00148,https://rukminim1.flixcart.com/image/312/312/keaaavk0/computer/x/m/y/lenovo-na-laptop-original-imafuzt8r5jqppfn.jpeg?q=70,Lenovo Intel Core i3 11th Gen,38500,512 GB SSD,ORD-1147,CUST-2147,700000000147,Siddharth,UPS,2026-01-24,2026-01-29,,in_transit,2026-02-08
TW00149,https://rukminim1.flixcart.com/image/312/312/ku5ufm80/computer/x/4/j/g15-5515-gaming-laptop-dell-original-imag7chqvu3veeaz.jpeg?q=70,DELL G15 Ryzen 5 Hexa Core 5600H,73990,512 GB SSD,ORD-1148,CUST-2148,700000000148,Shikha,DHL,2026-01-25,2026-01-30,2026-01-29,delivered,2026-02-08
